Cenário,Acurácia,F1-Score,Precisão,Recall
Baseline,0.9919871794871795,0.9921413158178854,0.9930088702147527,0.9913632640905368
Atacadas,0.28846153846153844,0.24143296078657298,0.41720550633859693,0.2612647612647613
PNG (Recuperadas),0.9230769230769231,0.9252615536355436,0.9368191161356628,0.9202708748163294
WebP (Recuperadas),0.9791666666666666,0.980990105126609,0.9830065359477125,0.9798259798259799
